,clinic status,tissue,subject id,sofa score,age,Sex,clinical outcome,sample
y1,Severe COVID,BAL,Patient 1,2,68,Female,Alive,GSM4762139
y2,Severe COVID,BAL,Patient 10,3,58,Male,Dead,GSM4762140
y3,Severe COVID,BAL,Patient 11,3,77,Male,Alive,GSM4762141
y4,Severe COVID,BAL,Patient 14,6,65,Male,Alive,GSM4762142
y5,Severe COVID,BAL,Patient 16,8,51,Female,Alive,GSM4762143
y6,Severe COVID,BAL,Patient 17,10,55,Male,Alive,GSM4762144
y8,Severe COVID,BAL,Patient 2,5,67,Male,Alive,GSM4762146
y9,Severe COVID,BAL,Patient 22,6,69,Male,Dead,GSM4762147
y10,Severe COVID,BAL,Patient 23,2,61,Male,Alive,GSM4762148
y11,Severe COVID,BAL,Patient 24,7,71,Male,Dead,GSM4762149
y12,Severe COVID,BAL,Patient 25,8,68,Male,Dead,GSM4762150
y13,Severe COVID,BAL,Patient 27,5,70,Male,Alive,GSM4762151
y14,Severe COVID,BAL,Patient 29,10,60,Male,Dead,GSM4762152
y15,Severe COVID,BAL,Patient 3,7,71,Female,Dead,GSM4762153
y16,Severe COVID,BAL,Patient 4,7,54,Male,Alive,GSM4762155
y17,Severe COVID,BAL,Patient 5,5,68,Male,Alive,GSM4762156
y18,Severe COVID,BAL,Patient 6,6,59,Female,Alive,GSM4762157
y19,Severe COVID,BAL,Patient 7,5,70,Male,Dead,GSM4762158
y20,Severe COVID,BAL,Patient 8,4,55,Male,Alive,GSM4762159
y21,Severe COVID,BAL,Patient 9,5,58,Male,Alive,GSM4762160
y22,Severe COVID,Blood,Patient 1,2,68,Female,Alive,GSM4762161
y23,Severe COVID,Blood,Patient 10,3,58,Male,Dead,GSM4762162
y24,Severe COVID,Blood,Patient 11,3,77,Male,Alive,GSM4762163
y25,Severe COVID,Blood,Patient 14,6,65,Male,Alive,GSM4762164
y26,Severe COVID,Blood,Patient 16,8,51,Female,Alive,GSM4762165
y27,Severe COVID,Blood,Patient 17,10,55,Male,Alive,GSM4762166
y28,Severe COVID,Blood,Patient 18,3,80,Male,Dead,GSM4762167
y29,Severe COVID,Blood,Patient 2,5,67,Male,Alive,GSM4762168
y30,Severe COVID,Blood,Patient 22,6,69,Male,Dead,GSM4762169
y31,Severe COVID,Blood,Patient 23,2,61,Male,Alive,GSM4762170
y32,Severe COVID,Blood,Patient 24,7,71,Male,Dead,GSM4762171
y33,Severe COVID,Blood,Patient 25,8,68,Male,Dead,GSM4762172
y34,Severe COVID,Blood,Patient 27,5,70,Male,Alive,GSM4762173
y35,Severe COVID,Blood,Patient 29,10,60,Male,Dead,GSM4762174
y36,Severe COVID,Blood,Patient 3,7,71,Female,Dead,GSM4762175
y37,Mild COVID,Blood,Patient 31,NA,NA,Female,NA,GSM4762177
y38,Mild COVID,Blood,Patient 32,NA,NA,Male,NA,GSM4762178
y39,Mild COVID,Blood,Patient 33,NA,NA,Female,NA,GSM4762179
y40,Mild COVID,Blood,Patient 34,NA,NA,Female,NA,GSM4762180
y41,Mild COVID,Blood,Patient 35,NA,NA,Male,NA,GSM4762181
y42,Mild COVID,Blood,Patient 36,NA,NA,Male,NA,GSM4762182
y43,Mild COVID,Blood,Patient 37,NA,NA,Male,NA,GSM4762183
y44,Healthy control,Blood,Patient 38,NA,NA,Male,NA,GSM4762184
y45,Healthy control,Blood,Patient 39,NA,NA,Male,NA,GSM4762185
y46,Healthy control,Blood,Patient 4,7,54,Male,Alive,GSM4762186
y47,Healthy control,Blood,Patient 40,NA,NA,Male,NA,GSM4762187
y48,Healthy control,Blood,Patient 41,NA,NA,Female,NA,GSM4762188
y49,Healthy control,Blood,Patient 42,NA,NA,Male,NA,GSM4762189
y50,Severe COVID,Blood,Patient 5,5,68,Male,Alive,GSM4762190
y51,Severe COVID,Blood,Patient 6,6,59,Female,Alive,GSM4762191
y52,Severe COVID,Blood,Patient 7,5,70,Male,Dead,GSM4762192
y53,Severe COVID,Blood,Patient 8,4,55,Male,Alive,GSM4762193
y,Severe COVID,Blood,Patient 9,5,58,Male,Alive,GSM4762194
y54,Severe COVID,BAL,Patient 18,3,80,Male,Dead,GSM4762145